{
	"class_name" : "PinholeCameraParameters",
	"extrinsic" : 
	[
		-0.67812212136414263,
		-0.73460550254878121,
		-0.022475411934999748,
		0.0,
		-0.71317855045589851,
		0.66511509424426429,
		-0.22135552077611945,
		0.0,
		0.17755771930901443,
		-0.13407709361966433,
		-0.97493414612489859,
		0.0,
		0.010273322765743997,
		-0.019039806111297242,
		2.1064025613108095,
		1.0
	],
	"intrinsic" : 
	{
		"height" : 1048,
		"intrinsic_matrix" : 
		[
			907.59462316609176,
			0.0,
			0.0,
			0.0,
			907.59462316609176,
			0.0,
			959.5,
			523.5,
			1.0
		],
		"width" : 1920
	},
	"version_major" : 1,
	"version_minor" : 0
}