{
	"class_name" : "PinholeCameraParameters",
	"extrinsic" : 
	[
		0.96646132700741927,
		0.063448834599162673,
		0.24885085651262404,
		0.0,
		-0.13617132477433649,
		-0.69495721813797873,
		0.70603954228295474,
		0.0,
		0.21773808511204623,
		-0.71624626375704759,
		-0.66300936339225958,
		0.0,
		0.72363333739553182,
		-3.2519083927064569,
		2.942497330869196,
		1.0
	],
	"intrinsic" : 
	{
		"height" : 1048,
		"intrinsic_matrix" : 
		[
			907.59462316609176,
			0.0,
			0.0,
			0.0,
			907.59462316609176,
			0.0,
			959.5,
			523.5,
			1.0
		],
		"width" : 1920
	},
	"version_major" : 1,
	"version_minor" : 0
}