{
	"class_name" : "PinholeCameraParameters",
	"extrinsic" : 
	[
		0.98661467486644217,
		-0.016636564117728694,
		0.16221808799434595,
		0.0,
		-0.11956556856441715,
		-0.75024555536713577,
		0.65025816524340996,
		0.0,
		0.11088533785876434,
		-0.66094994620335279,
		-0.74219243492623455,
		0.0,
		-0.012951087149673024,
		-0.095179110899538677,
		2.0085343578553956,
		1.0
	],
	"intrinsic" : 
	{
		"height" : 1048,
		"intrinsic_matrix" : 
		[
			907.59462316609176,
			0.0,
			0.0,
			0.0,
			907.59462316609176,
			0.0,
			959.5,
			523.5,
			1.0
		],
		"width" : 1920
	},
	"version_major" : 1,
	"version_minor" : 0
}