{
	"class_name" : "PinholeCameraParameters",
	"extrinsic" : 
	[
		0.96019028258102868,
		-0.19010212482081987,
		0.20468464372193082,
		0.0,
		-0.27421649720133928,
		-0.50164960558000959,
		0.82045900926496551,
		0.0,
		-0.053291030198263312,
		-0.84392467398461002,
		-0.53380821531742795,
		0.0,
		1.3932092119542132,
		-0.48565670606154221,
		27.592781427269365,
		1.0
	],
	"intrinsic" : 
	{
		"height" : 1048,
		"intrinsic_matrix" : 
		[
			907.59462316609176,
			0.0,
			0.0,
			0.0,
			907.59462316609176,
			0.0,
			959.5,
			523.5,
			1.0
		],
		"width" : 1920
	},
	"version_major" : 1,
	"version_minor" : 0
}