{
	"class_name" : "PinholeCameraParameters",
	"extrinsic" : 
	[
		1.0,
		-0.0,
		-0.0,
		0.0,
		0.0,
		-1.0,
		-0.0,
		0.0,
		0.0,
		-0.0,
		-1.0,
		0.0,
		0.0076515188770969189,
		0.013772443685891034,
		2.102729757816836,
		1.0
	],
	"intrinsic" : 
	{
		"height" : 1048,
		"intrinsic_matrix" : 
		[
			907.59462316609176,
			0.0,
			0.0,
			0.0,
			907.59462316609176,
			0.0,
			959.5,
			523.5,
			1.0
		],
		"width" : 1920
	},
	"version_major" : 1,
	"version_minor" : 0
}