{
	"class_name" : "PinholeCameraParameters",
	"extrinsic" : 
	[
		-0.22493215135426359,
		-0.013408839534929775,
		0.97428216154739755,
		0.0,
		-0.97425291911042733,
		0.018885760705277546,
		-0.22466547942973811,
		0.0,
		-0.015387556399693286,
		-0.9997317295479371,
		-0.017311615844188794,
		0.0,
		0.01120801506619443,
		-0.032117234694587445,
		1.6566078023120758,
		1.0
	],
	"intrinsic" : 
	{
		"height" : 1048,
		"intrinsic_matrix" : 
		[
			907.59462316609176,
			0.0,
			0.0,
			0.0,
			907.59462316609176,
			0.0,
			959.5,
			523.5,
			1.0
		],
		"width" : 1920
	},
	"version_major" : 1,
	"version_minor" : 0
}